date,TWTR
2013-11-07,0.0
2013-11-08,-0.072383
2013-11-11,0.030011999999999997
2013-11-12,-0.02331
2013-11-13,0.016706000000000002
2013-11-14,0.049061
2013-11-15,-0.015887
2013-11-18,-0.064575
2013-11-19,0.014827
2013-11-20,-0.016766
2013-11-21,0.024604
2013-11-22,-0.025202
2013-11-25,-0.047317
2013-11-26,0.028673999999999998
2013-11-27,0.017919
2013-11-29,0.016381
2013-12-02,-0.019004
2013-12-03,0.014468000000000002
2013-12-04,0.056079
2013-12-05,0.044175000000000006
2013-12-06,-0.014686999999999999
2013-12-09,0.093215
2013-12-10,0.057998
2013-12-11,0.006732
2013-12-12,0.057126
2013-12-13,0.066329
2013-12-16,-0.040507999999999995
2013-12-17,-0.0028260000000000004
2013-12-18,-0.016652
2013-12-19,0.035669
2013-12-20,0.043834
2013-12-23,0.075487
2013-12-24,0.083979
2013-12-26,0.047885
2013-12-27,-0.130405
2013-12-30,-0.050824
2013-12-31,0.051891999999999994
2014-01-02,0.060487
2014-01-03,0.022222
2014-01-06,-0.039275000000000004
2014-01-07,-0.072862
2014-01-08,-0.035308
2014-01-09,-0.03778
2014-01-10,-0.0008759999999999999
2014-01-13,0.014386000000000001
2014-01-14,0.006745
2014-01-15,0.057721999999999996
2014-01-16,-0.016242
2014-01-17,0.026911
2014-01-21,0.005305
2014-01-22,-0.001439
2014-01-23,0.005766
2014-01-24,-0.016878999999999998
2014-01-27,-0.062034000000000006
2014-01-28,0.043688000000000005
2014-01-29,-0.016380000000000002
2014-01-30,0.06762
2014-01-31,0.016228
2014-02-03,0.011628000000000001
2014-02-04,0.016398
2014-02-05,-0.005277
2014-02-06,-0.241625
2014-02-07,0.08634800000000001
2014-02-10,-0.026311
2014-02-11,0.020408
2014-02-12,0.052778
2014-02-13,-0.006684
2014-02-14,0.017177
2014-02-18,0.012883
2014-02-19,-0.046064
2014-02-20,0.02036
2014-02-21,-0.012538
2014-02-24,-0.002504
2014-02-25,-0.014700999999999999
2014-02-26,0.016557
2014-02-27,-0.00179
2014-02-28,-0.015419999999999998
2014-03-03,-0.021854
2014-03-04,0.010613
2014-03-05,0.001842
2014-03-06,0.008275
2014-03-07,-0.02371
2014-03-10,0.006538
2014-03-11,0.0025979999999999996
2014-03-12,0.008886
2014-03-13,-0.017064
2014-03-14,-0.030801
2014-03-17,0.002504
2014-03-18,-0.017675
2014-03-19,0.002151
2014-03-20,-0.021858
2014-03-21,0.015962
2014-03-24,-0.042223
2014-03-25,-0.018249
2014-03-26,-0.072055
2014-03-27,0.042539
2014-03-28,0.021157
2014-03-31,-0.013319000000000001
2014-04-01,0.006642
2014-04-02,-0.026607
2014-04-03,-0.036737
2014-04-04,-0.020658
2014-04-07,-0.015993999999999998
2014-04-08,-0.015783000000000002
2014-04-09,0.016994
2014-04-10,-0.027065000000000002
2014-04-11,-0.031204999999999997
2014-04-14,0.020474000000000003
2014-04-15,0.113775
2014-04-16,-0.024165000000000002
2014-04-17,0.013282
2014-04-21,0.024883000000000002
2014-04-22,-0.002385
2014-04-23,-0.0015210000000000002
2014-04-24,-0.024592
2014-04-25,-0.07162
2014-04-28,-0.021149
2014-04-29,0.046403
2014-04-30,-0.085641
2014-05-01,0.003079
2014-05-02,-0.001791
2014-05-05,-0.006920000000000001
2014-05-06,-0.178065
2014-05-07,-0.037363
2014-05-08,0.042401
2014-05-09,0.0028160000000000004
2014-05-12,0.05897
2014-05-13,-0.016205
2014-05-14,-0.016173
2014-05-15,-0.002435
2014-05-16,-0.015563
2014-05-19,-0.005889999999999999
2014-05-20,-0.009355
2014-05-21,-0.00063
2014-05-22,-0.0072440000000000004
2014-05-23,-0.03236
2014-05-27,0.000328
2014-05-28,0.10685
2014-05-29,0.006811
2014-05-30,-0.045882
2014-06-02,-0.021269999999999997
2014-06-03,0.026142
2014-06-04,0.009822
2014-06-05,0.030091
2014-06-06,-0.016524
2014-06-09,0.034203000000000004
2014-06-10,0.02611
2014-06-11,0.004806
2014-06-12,0.035172
2014-06-13,0.00299
2014-06-16,0.030352
2014-06-17,0.0
2014-06-18,0.018937
2014-06-19,0.00413
2014-06-20,0.008740000000000001
2014-06-23,0.007136
2014-06-24,-0.026316000000000003
2014-06-25,0.025468
2014-06-26,0.050177
2014-06-27,-0.012306999999999998
2014-06-30,0.000977
2014-07-01,0.026361
2014-07-02,-0.006659000000000001
2014-07-03,-0.010533999999999998
2014-07-07,-0.026615000000000003
2014-07-08,-0.07009699999999999
2014-07-09,0.017375
2014-07-10,-0.0057799999999999995
2014-07-11,0.012948999999999999
2014-07-14,-0.000522
2014-07-15,-0.011224000000000001
2014-07-16,-0.01188
2014-07-17,-0.014961
2014-07-18,0.004882
2014-07-21,0.026991
2014-07-22,-0.010511999999999999
2014-07-23,0.002656
2014-07-24,0.02543
2014-07-25,-0.014208
2014-07-28,-0.006027
2014-07-29,0.0174
2014-07-30,0.199793
2014-07-31,-0.023974000000000002
2014-08-01,-0.023457
2014-08-04,-0.014956
2014-08-05,0.008282000000000001
2014-08-06,-0.008442
2014-08-07,-0.010584
2014-08-08,0.003023
2014-08-11,0.003246
2014-08-12,0.01248
2014-08-13,0.0077610000000000005
2014-08-14,0.026726999999999997
2014-08-15,-0.012574
2014-08-18,0.008043
2014-08-19,-0.000665
2014-08-20,-0.000665
2014-08-21,0.00111
2014-08-22,0.019286
2014-08-25,0.00261
2014-08-26,0.044902
2014-08-27,-0.002284
2014-08-28,0.028506
2014-08-29,0.006474
2014-09-02,0.025528
2014-09-03,-0.033124
2014-09-04,0.018447
2014-09-05,0.009156
2014-09-08,0.025640999999999997
2014-09-09,-0.026730999999999998
2014-09-10,0.045446
2014-09-11,-0.005103
2014-09-12,-0.010067999999999999
2014-09-15,-0.052389
2014-09-16,0.029363999999999998
2014-09-17,-0.0025580000000000004
2014-09-18,0.0035499999999999998
2014-09-19,0.041666999999999996
2014-09-22,-0.02
2014-09-23,0.0044280000000000005
2014-09-24,0.015143
2014-09-25,-0.028512
2014-09-26,0.008551999999999999
2014-09-29,-0.0028910000000000003
2014-09-30,-0.0030919999999999997
2014-10-01,-0.029469
2014-10-02,0.035757
2014-10-03,0.040309
2014-10-06,-0.008343
2014-10-07,0.0007480000000000001
2014-10-08,0.035307
2014-10-09,-0.002346
2014-10-10,-0.08844300000000001
2014-10-13,-0.037897
2014-10-14,0.0018559999999999998
2014-10-15,0.029024
2014-10-16,-0.035207
2014-10-17,0.011196
2014-10-20,0.039574
2014-10-21,-0.001381
2014-10-22,-0.030614
2014-10-23,0.012020999999999999
2014-10-24,0.005637
2014-10-27,-0.027828
2014-10-28,-0.09843500000000001
2014-10-29,-0.038831000000000004
2014-10-30,-0.006654
2014-10-31,-0.007895
2014-11-03,-0.030383
2014-11-04,0.017159999999999998
2014-11-05,-0.012958
2014-11-06,0.011642
2014-11-07,-0.012977
2014-11-10,-0.017862
2014-11-11,0.0
2014-11-12,0.074514
2014-11-13,-0.058768
2014-11-14,0.045205
2014-11-17,-0.032975
2014-11-18,0.003459
2014-11-19,-0.022162
2014-11-20,0.0025180000000000003
2014-11-21,0.005526
2014-11-24,0.003997
2014-11-25,-0.010699
2014-11-26,0.034457
2014-11-28,0.014831
2014-12-01,-0.06468600000000001
2014-12-02,-0.0033299999999999996
2014-12-03,0.003855
2014-12-04,-0.006912000000000001
2014-12-05,-0.0077339999999999996
2014-12-08,-0.057158
2014-12-09,0.020942
2014-12-10,-0.018893
2014-12-11,0.009629
2014-12-12,0.010899
2014-12-15,-0.006739
2014-12-16,-0.046676
2014-12-17,0.012525
2014-12-18,0.032612
2014-12-19,0.009529
2014-12-22,0.036408
2014-12-23,-0.022378
2014-12-24,0.001065
2014-12-26,-0.00026599999999999996
2014-12-29,-0.031383
2014-12-30,-0.015376
2014-12-31,0.000279
2015-01-02,0.019236
2015-01-05,-0.004923
2015-01-06,0.06542099999999999
2015-01-07,-0.038184
2015-01-08,0.048552
2015-01-09,0.027629
2015-01-12,-0.019915000000000002
2015-01-13,0.007112
2015-01-14,0.005044
2015-01-15,-0.07327499999999999
2015-01-16,0.01029
2015-01-20,0.0069689999999999995
2015-01-21,0.006920000000000001
2015-01-22,0.032778
2015-01-23,0.008958
2015-01-26,0.01725
2015-01-27,-0.029426
2015-01-28,-0.045478
2015-01-29,-0.012650999999999999
2015-01-30,0.023173
2015-02-02,-0.001865
2015-02-03,0.0622
2015-02-04,0.023372999999999998
2015-02-05,0.013261
2015-02-06,0.163597
2015-02-09,-0.014372000000000001
2015-02-10,-0.022401
2015-02-11,0.026805
2015-02-12,0.009474
2015-02-13,0.011470000000000001
2015-02-17,-0.009691
2015-02-18,-0.004372
2015-02-19,0.018402
2015-02-20,0.008419
2015-02-23,-0.013031999999999998
2015-02-24,0.0045390000000000005
2015-02-25,-0.002875
2015-02-26,0.017714
2015-02-27,-0.026918
2015-03-02,0.001456
2015-03-03,-0.009138
2015-03-04,-0.002934
2015-03-05,-0.004625000000000001
2015-03-06,-0.012672000000000001
2015-03-09,0.017967999999999998
2015-03-10,-0.036772
2015-03-11,0.00938
2015-03-12,0.01729
2015-03-13,-0.00871
2015-03-16,-0.004929
2015-03-17,0.010768999999999999
2015-03-18,0.005753
2015-03-19,0.015466
2015-03-20,0.010641000000000001
2015-03-23,0.000413
2015-03-24,0.062112999999999995
2015-03-25,-0.038275
2015-03-26,0.008485
2015-03-27,0.001803
2015-03-30,-0.0024
2015-03-31,0.003808
2015-04-01,0.007788000000000001
2015-04-02,-0.000991
2015-04-06,0.008329999999999999
2015-04-07,0.039929
2015-04-08,-0.010781
2015-04-09,-0.002486
2015-04-10,-0.004409
2015-04-13,-0.006161
2015-04-14,-0.008136
2015-04-15,0.001953
2015-04-16,0.01423
2015-04-17,-0.026331000000000004
2015-04-20,0.014607000000000002
2015-04-21,-0.0015559999999999999
2015-04-22,0.007989000000000001
2015-04-23,-0.0061860000000000005
2015-04-24,-0.011476
2015-04-27,0.016529000000000002
2015-04-28,-0.181765
2015-04-29,-0.089425
2015-04-30,0.012211000000000001
2015-05-01,-0.028746999999999998
2015-05-04,0.001057
2015-05-05,-0.012143999999999999
2015-05-06,-0.004275999999999999
2015-05-07,0.012077
2015-05-08,-0.003182
2015-05-11,-0.007449
2015-05-12,0.004556
2015-05-13,0.006403
2015-05-14,-0.010339000000000001
2015-05-15,-0.006161
2015-05-18,0.004852
2015-05-19,0.005901
2015-05-20,-0.0192
2015-05-21,-0.0027189999999999996
2015-05-22,-0.0021809999999999998
2015-05-26,-0.0024590000000000002
2015-05-27,-0.0027389999999999997
2015-05-28,0.011535
2015-05-29,-0.004344
2015-06-01,-0.001091
2015-06-02,-0.006279
2015-06-03,0.016484000000000002
2015-06-04,-0.007838000000000001
2015-06-05,0.0079
2015-06-08,-0.014595
2015-06-09,-0.015908
2015-06-10,-0.0008359999999999999
2015-06-11,-0.000279
2015-06-12,0.001674
2015-06-15,-0.034262
2015-06-16,0.004327
2015-06-17,-0.003733
2015-06-18,-0.0008649999999999999
2015-06-19,0.034622
2015-06-22,-0.008645
2015-06-23,-0.005063
2015-06-24,-0.005655
2015-06-25,0.0
2015-06-26,0.002559
2015-06-29,-0.029779
2015-06-30,0.058754999999999995
2015-07-01,-0.022639
2015-07-02,0.00904
2015-07-06,-0.008119
2015-07-07,0.00254
2015-07-08,-0.021396000000000002
2015-07-09,-0.011507
2015-07-10,0.016007
2015-07-13,0.024921000000000002
2015-07-14,0.026272000000000004
2015-07-15,-0.028866999999999997
2015-07-16,0.012339
2015-07-17,-0.011911
2015-07-20,0.0039250000000000005
2015-07-21,0.022899
2015-07-22,-0.014742
2015-07-23,0.002771
2015-07-24,-0.021277
2015-07-27,-0.020327
2015-07-28,0.053026
2015-07-29,-0.145047
2015-07-30,0.007362
2015-07-31,-0.014617
2015-08-03,-0.056111
2015-08-04,0.002392
2015-08-05,-0.029312
2015-08-06,-0.033006
2015-08-07,-0.018154999999999998
2015-08-10,0.090976
2015-08-11,0.004068
2015-08-12,-0.007764999999999999
2015-08-13,-0.028921000000000002
2015-08-14,0.01822
2015-08-17,0.0
2015-08-18,-0.026153
2015-08-19,-0.024382
2015-08-20,-0.058312
2015-08-21,-0.005
2015-08-24,-0.027058
2015-08-25,-0.031387
2015-08-26,0.026661
2015-08-27,0.057131
2015-08-28,0.013983
2015-08-31,0.035781
2015-09-01,-0.027347999999999997
2015-09-02,0.029227
2015-09-03,0.017254000000000002
2015-09-04,-0.0053
2015-09-08,-0.034458
2015-09-09,0.0
2015-09-10,0.0195
2015-09-11,-0.011548000000000001
2015-09-14,-0.017890000000000003
2015-09-15,0.010037
2015-09-16,0.021347
2015-09-17,-0.012252
2015-09-18,0.020066
2015-09-21,-0.020744
2015-09-22,-0.020087999999999998
2015-09-23,-0.0014910000000000001
2015-09-24,-0.007092
2015-09-25,-0.049248
2015-09-28,-0.001186
2015-09-29,0.013064
2015-09-30,0.052755
2015-10-01,-0.08388999999999999
2015-10-02,0.06604499999999999
2015-10-05,0.069935
2015-10-06,-0.018828
2015-10-07,0.080014
2015-10-08,0.016426
2015-10-09,0.017480000000000002
2015-10-12,-0.068071
2015-10-13,0.010783000000000001
2015-10-14,0.011012
2015-10-15,0.011231999999999999
2015-10-16,0.048469
2015-10-19,-0.007705
2015-10-20,0.0
2015-10-21,-0.052087
2015-10-22,-0.005119
2015-10-23,0.038765
2015-10-26,0.020145
2015-10-27,0.014568000000000001
2015-10-28,-0.014997
2015-10-29,-0.058633
2015-10-30,-0.020647000000000002
2015-11-02,0.026001
2015-11-03,-0.002397
2015-11-04,0.007896
2015-11-05,-0.023842
2015-11-06,-0.013259
2015-11-09,-0.042079000000000005
2015-11-10,-0.001477
2015-11-11,-0.020333
2015-11-12,-0.013962
2015-11-13,-0.036357
2015-11-16,0.009134
2015-11-17,-0.007084
2015-11-18,0.026556000000000003
2015-11-19,0.016215999999999998
2015-11-20,-0.0019
2015-11-23,-0.040731
2015-11-24,0.012698000000000001
2015-11-25,0.02116
2015-11-27,-0.011896
2015-11-30,-0.013592
2015-12-01,0.005118
2015-12-02,-0.005092
2015-12-03,0.019684999999999998
2015-12-04,-0.033977
2015-12-07,-0.022382
2015-12-08,0.021668
2015-12-09,-0.027211
2015-12-10,0.065817
2015-12-11,-0.041297
2015-12-14,0.003221
2015-12-15,-0.038925
2015-12-16,0.014614
2015-12-17,-0.040741
2015-12-18,-0.013728
2015-12-21,-0.036973
2015-12-22,0.018969999999999997
2015-12-23,0.004876
2015-12-24,0.013233
2015-12-28,-0.019155
2015-12-29,-0.002663
2015-12-30,-0.010681000000000001
2015-12-31,0.040936
2016-01-04,-0.025065
2016-01-05,-0.028369
2016-01-06,-0.024179
2016-01-07,-0.052828
2016-01-08,-0.013819999999999999
2016-01-11,-0.016517
2016-01-12,-0.001527
2016-01-13,-0.04791
2016-01-14,0.017131
2016-01-15,-0.055789
2016-01-19,-0.069677
2016-01-20,0.041342
2016-01-21,0.025892
2016-01-22,0.000561
2016-01-25,-0.045964
2016-01-26,-0.000588
2016-01-27,-0.013521
2016-01-28,-0.017282
2016-01-29,0.018799
2016-02-01,0.066071
2016-02-02,-0.102178
2016-02-03,0.029851000000000003
2016-02-04,0.021135
2016-02-05,-0.070373
2016-02-08,-0.052163
2016-02-09,-0.033557000000000003
2016-02-10,0.040278
2016-02-11,-0.044726
2016-02-12,0.10971299999999999
2016-02-16,0.030227
2016-02-17,0.067237
2016-02-18,0.055556
2016-02-19,-0.006511
2016-02-22,-0.000546
2016-02-23,0.0
2016-02-24,-0.016393
2016-02-25,-0.022778
2016-02-26,0.019898
2016-02-29,0.010033
2016-03-01,-0.014901
2016-03-02,0.038655
2016-03-03,0.041532
2016-03-04,0.002589
2016-03-07,-0.009814
2016-03-08,-0.043818
2016-03-09,-0.036552
2016-03-10,-0.059455999999999995
2016-03-11,0.012041
2016-03-14,0.018441
2016-03-15,-0.054322
2016-03-16,0.031501
2016-03-17,0.008982
2016-03-18,0.0
2016-03-21,0.002374
2016-03-22,-0.001776
2016-03-23,-0.050415
2016-03-24,-0.006246000000000001
2016-03-28,-0.019485
2016-03-29,0.023718
2016-03-30,0.024420999999999998
2016-03-31,0.011614
2016-04-01,-0.034441
2016-04-04,0.069462
2016-04-05,-0.002341
2016-04-06,0.012317
2016-04-07,-0.016222
2016-04-08,-0.019435
2016-04-11,-0.008408
2016-04-12,0.003634
2016-04-13,0.04828
2016-04-14,0.009211
2016-04-15,0.002852
2016-04-18,-0.015358
2016-04-19,-0.02253
2016-04-20,0.028369
2016-04-21,0.0063219999999999995
2016-04-22,-0.015991
2016-04-25,-0.008125
2016-04-26,0.038619
2016-04-27,-0.16281700000000002
2016-04-28,-0.014804999999999999
2016-04-29,-0.001366
2016-05-02,-0.015047999999999999
2016-05-03,-0.027083
2016-05-04,0.059243
2016-05-05,-0.048518
2016-05-06,0.01983
2016-05-09,-0.013889
2016-05-10,0.030282
2016-05-11,-0.002734
2016-05-12,-0.034955
2016-05-13,0.0014199999999999998
2016-05-16,0.013474999999999999
2016-05-17,0.003499
2016-05-18,-0.013947000000000001
2016-05-19,0.000707
2016-05-20,0.019788
2016-05-23,-0.001386
2016-05-24,-0.026371000000000002
2016-05-25,0.027084999999999998
2016-05-26,-0.007633999999999999
2016-05-27,0.055944
2016-05-31,0.007947
2016-06-01,-0.013141
2016-06-02,0.011984
2016-06-03,0.0
2016-06-06,0.004605000000000001
2016-06-07,-0.017682
2016-06-08,-0.003333
2016-06-09,-0.023411
2016-06-10,-0.039726
2016-06-13,0.037803
2016-06-14,0.055670000000000004
2016-06-15,0.039063
2016-06-16,-0.005639
2016-06-17,0.014493
2016-06-20,0.014906999999999998
2016-06-21,-0.001224
2016-06-22,-0.011642
2016-06-23,0.056417
2016-06-24,-0.035211
2016-06-27,-0.036496
2016-06-28,0.036616
2016-06-29,0.02497
2016-06-30,0.004753
2016-07-01,0.021880999999999998
2016-07-05,-0.008102
2016-07-06,0.003501
2016-07-07,0.009883999999999999
2016-07-08,0.040875
2016-07-11,-0.020465
2016-07-12,0.022021000000000002
2016-07-13,-0.01989
2016-07-14,0.012401
2016-07-15,0.0066820000000000004
2016-07-18,0.031527
2016-07-19,-0.017158
2016-07-20,0.012547999999999998
2016-07-21,-0.009159
2016-07-22,-0.001088
2016-07-25,0.015242
2016-07-26,-0.010724000000000001
2016-07-27,-0.145257
2016-07-28,0.034242
2016-07-29,0.020232999999999998
2016-08-01,0.0
2016-08-02,-0.013221
2016-08-03,0.072473
2016-08-04,0.029529
2016-08-05,0.007170000000000001
2016-08-08,-0.003286
2016-08-09,0.026373999999999998
2016-08-10,0.019272
2016-08-11,0.038866
2016-08-12,-0.012133
2016-08-15,0.067554
2016-08-16,-0.022052000000000002
2016-08-17,-0.011275
2016-08-18,-0.058007
2016-08-19,-0.0010530000000000001
2016-08-22,-0.022654999999999998
2016-08-23,0.007547000000000001
2016-08-24,-0.023542
2016-08-25,0.003836
2016-08-26,-0.001092
2016-08-29,0.00929
2016-08-30,-0.004873
2016-08-31,0.045158
2016-09-01,0.015096
2016-09-02,0.0025640000000000003
2016-09-06,0.019437
2016-09-07,-0.003011
2016-09-08,-0.058883
2016-09-09,-0.031551
2016-09-12,0.002209
2016-09-13,-0.021488
2016-09-14,0.018018
2016-09-15,0.012168000000000002
2016-09-16,0.044261999999999996
2016-09-19,-0.039245999999999996
2016-09-20,0.0016339999999999998
2016-09-21,0.005437999999999999
2016-09-22,0.007572
2016-09-23,0.214171
2016-09-26,0.033156
2016-09-27,0.014976
2016-09-28,-0.03204
2016-09-29,0.002178
2016-09-30,0.0017380000000000002
2016-10-03,0.041215
2016-10-04,-0.02
2016-10-05,0.057398
2016-10-06,-0.20104500000000003
2016-10-07,-0.001007
2016-10-10,-0.115365
2016-10-11,0.025057
2016-10-12,0.002778
2016-10-13,-0.014403999999999998
2016-10-14,-0.051151999999999996
2016-10-17,-0.008886
2016-10-18,0.005977
2016-10-19,0.01426
2016-10-20,-0.009959
2016-10-21,0.070414
2016-10-24,-0.003317
2016-10-25,-0.042706999999999995
2016-10-26,0.0017380000000000002
2016-10-27,0.006362
2016-10-28,0.014943
2016-10-31,0.016420999999999998
2016-11-01,-0.025627
2016-11-02,0.006861000000000001
2016-11-03,-0.001704
2016-11-04,0.025028
2016-11-07,0.021643
2016-11-08,-0.0016300000000000002
2016-11-09,0.040805
2016-11-10,-0.039728
2016-11-11,0.009799
2016-11-14,0.031806
2016-11-15,-0.008359
2016-11-16,-0.01844
2016-11-17,-0.004294
2016-11-18,0.009704
2016-11-21,-0.006941
2016-11-22,0.001613
2016-11-23,-0.022008
2016-11-25,-0.008782
2016-11-28,0.013289
2016-11-29,-0.006011
2016-11-30,0.016493
2016-12-01,-0.024878
2016-12-02,-0.005546
2016-12-05,0.016732
2016-12-06,0.0
2016-12-07,0.068568
2016-12-08,0.008214
2016-12-09,0.000509
2016-12-12,-0.036641
2016-12-13,0.023243999999999997
2016-12-14,-0.022716
2016-12-15,-0.007396000000000001
2016-12-16,-0.008515
2016-12-19,-0.020933999999999998
2016-12-20,-0.017544
2016-12-21,-0.046875
2016-12-22,-0.039227
2016-12-23,0.005484
2016-12-27,0.006666999999999999
2016-12-28,-0.013245
2016-12-29,0.0
2016-12-30,-0.005491
2017-01-03,0.008589
2017-01-04,0.025547
2017-01-05,0.013642000000000001
2017-01-06,0.004681
2017-01-09,0.01922
2017-01-10,-0.007429
2017-01-11,-0.00403
2017-01-12,0.004624
2017-01-13,-0.00748
2017-01-17,-0.016812
2017-01-18,0.008844
2017-01-19,-0.018703
2017-01-20,-0.012506999999999999
2017-01-23,0.001809
2017-01-24,-0.005417999999999999
2017-01-25,0.012712000000000001
2017-01-26,0.004782
2017-01-27,-0.014277
2017-01-30,0.022330000000000003
2017-01-31,0.040142
2017-02-01,-0.021566000000000002
2017-02-02,0.031323
2017-02-03,-0.009561
2017-02-06,0.018171
2017-02-07,0.018405
2017-02-08,0.025192000000000003
2017-02-09,-0.123397
2017-02-10,-0.050579
2017-02-13,0.014763
2017-02-14,0.044908000000000003
2017-02-15,0.013317
2017-02-16,-0.023297
2017-02-17,0.016514
2017-02-21,-0.012034
2017-02-22,-0.020706000000000002
2017-02-23,-0.0031090000000000002
2017-02-24,-0.0031190000000000002
2017-02-27,0.005006
2017-02-28,-0.018057
2017-03-01,0.001268
2017-03-02,0.0
2017-03-03,-0.002533
2017-03-06,-0.012062999999999999
2017-03-07,-0.024422000000000003
2017-03-08,0.003953
2017-03-09,-0.001312
2017-03-10,-0.00657
2017-03-13,0.005952
2017-03-14,0.007232
2017-03-15,-0.01893
2017-03-16,0.010645
2017-03-17,-0.007241999999999999
2017-03-20,0.000663
2017-03-21,-0.036448
2017-03-22,0.030261
2017-03-23,-0.003338
2017-03-24,0.014066
2017-03-27,-0.009908
2017-03-28,-0.003336
2017-03-29,0.006693
2017-03-30,-0.007979
2017-03-31,0.002011
2017-04-03,-0.007358
2017-04-04,-0.010107999999999999
2017-04-05,-0.010891999999999999
2017-04-06,-0.009635
2017-04-07,-0.0069489999999999994
2017-04-10,0.004899
2017-04-11,-0.0034820000000000003
2017-04-12,0.007687
2017-04-13,-0.008322000000000001
2017-04-17,0.006993
2017-04-18,0.002778
2017-04-19,0.006925
2017-04-20,0.007565
2017-04-21,-0.0013650000000000001
2017-04-24,0.005468
2017-04-25,-0.0033989999999999997
2017-04-26,0.079127
2017-04-27,0.049936999999999995
2017-04-28,-0.007826999999999999
2017-05-01,0.06432
2017-05-02,0.039909
2017-05-03,0.018092
2017-05-04,-0.004847000000000001
2017-05-05,0.011364
2017-05-08,-0.020332
2017-05-09,0.003277
2017-05-10,0.009254
2017-05-11,-0.008091000000000001
2017-05-12,0.011963
2017-05-15,0.033315000000000004
2017-05-16,0.013521
2017-05-17,-0.062083000000000006
2017-05-18,0.012582
2017-05-19,-0.008643999999999999
2017-05-22,0.00436
2017-05-23,-0.015193000000000002
2017-05-24,-0.009366
2017-05-25,-0.001669
2017-05-26,0.015599
2017-05-30,0.010971
2017-05-31,-0.0059689999999999995
2017-06-01,0.011463000000000001
2017-06-02,-0.011873
2017-06-05,-0.0043690000000000005
2017-06-06,-0.036204
2017-06-07,-0.007399
2017-06-08,0.008601
2017-06-09,-0.039227
2017-06-12,0.008284
2017-06-13,-0.004108
2017-06-14,-0.012375
2017-06-15,0.004177
2017-06-16,-0.009507
2017-06-19,0.023395000000000003
2017-06-20,-0.008792
2017-06-21,0.051448999999999995
2017-06-22,0.02081
2017-06-23,0.019284
2017-06-26,-0.011351
2017-06-27,-0.009295
2017-06-28,-0.009382
2017-06-29,-0.016713
2017-06-30,0.012464999999999999
2017-07-03,-0.012311
2017-07-05,0.009632
2017-07-06,0.005612000000000001
2017-07-07,0.005579999999999999
2017-07-10,0.0033299999999999996
2017-07-11,0.030973
2017-07-12,0.032725
2017-07-13,0.003636
2017-07-14,0.016563
2017-07-17,0.015275
2017-07-18,0.002006
2017-07-19,0.007007
2017-07-20,0.020377999999999997
2017-07-21,-0.020457999999999997
2017-07-24,-0.00547
2017-07-25,-0.0015
2017-07-26,-0.018027
2017-07-27,-0.14125400000000002
2017-07-28,-0.005344
2017-07-31,-0.039403
2017-08-01,0.007458
2017-08-02,-0.008637
2017-08-03,0.006845
2017-08-04,0.0067989999999999995
2017-08-07,0.006753
2017-08-08,-0.015244
2017-08-09,-0.000619
2017-08-10,-0.024163999999999998
2017-08-11,0.010794
2017-08-14,0.010678
2017-08-15,-0.008701
2017-08-16,0.013166
2017-08-17,-0.017946
2017-08-18,0.007561
2017-08-21,0.0075049999999999995
2017-08-22,0.032278
2017-08-23,0.019844
2017-08-24,-0.0041270000000000005
2017-08-25,-0.01421
2017-08-28,0.007207
2017-08-29,0.009541
2017-08-30,0.0
2017-08-31,-0.001181
2017-09-01,-0.002957
2017-09-05,-0.012456
2017-09-06,0.010811
2017-09-07,0.023173
2017-09-08,0.013357
2017-09-11,0.012034
2017-09-12,0.028879000000000002
2017-09-13,0.001651
2017-09-14,0.000549
2017-09-15,-0.010983
2017-09-18,-0.022765
2017-09-19,0.009091
2017-09-20,-0.007883
2017-09-21,-0.00227
2017-09-22,0.001706
2017-09-25,-0.035775
2017-09-26,-0.022968000000000002
2017-09-27,0.0217
2017-09-28,-0.0059
2017-09-29,0.001187
2017-10-02,0.013041
2017-10-03,0.029257
2017-10-04,0.009096
2017-10-05,0.028169
2017-10-06,-0.021918000000000003
2017-10-09,-0.010084
2017-10-10,-0.014714
2017-10-11,0.01838
2017-10-12,0.040609
2017-10-13,0.009756
2017-10-16,-0.016103
2017-10-17,-0.002728
2017-10-18,-0.014223
2017-10-19,-0.007214000000000001
2017-10-20,-0.001118
2017-10-23,-0.02798
2017-10-24,-0.006908
2017-10-25,-0.006377000000000001
2017-10-26,0.18494700000000003
2017-10-27,0.067454
2017-10-30,-0.019834
2017-10-31,-0.029647
2017-11-01,-0.000485
2017-11-02,-0.043668
2017-11-03,0.009640000000000001
2017-11-06,-0.025628
2017-11-07,0.013925
2017-11-08,-0.0035610000000000004
2017-11-09,0.015824
2017-11-10,0.021106
2017-11-13,-0.007382
2017-11-14,-0.005948999999999999
2017-11-15,-0.0069830000000000005
2017-11-16,0.022602
2017-11-17,0.019646
2017-11-20,0.017823
2017-11-21,0.035495
2017-11-22,0.017824
2017-11-24,0.006736
2017-11-27,-0.026762
2017-11-28,0.000458
2017-11-29,-0.047641
2017-11-30,-0.010101
2017-12-01,0.0063170000000000006
2017-12-04,-0.014969
2017-12-05,0.018137
2017-12-06,0.015406999999999999
2017-12-07,-0.0037930000000000004
2017-12-08,0.004284
2017-12-11,0.045023999999999995
2017-12-12,-0.018141
2017-12-13,0.00046199999999999995
2017-12-14,0.042475
2017-12-15,-0.0155
2017-12-18,0.110211
2017-12-19,0.016207
2017-12-20,0.004785
2017-12-21,-0.005952
2017-12-22,-0.023553
2017-12-26,-0.008177
2017-12-27,-0.001237
2017-12-28,0.003302
2017-12-29,-0.012341
2018-01-02,0.020825
2018-01-03,-0.002448
2018-01-04,-0.018814
2018-01-05,0.013755999999999999
2018-01-08,0.011102
2018-01-09,-0.01708
2018-01-10,0.00331
2018-01-11,0.004124
2018-01-12,0.043532
2018-01-16,-0.029516
2018-01-17,-0.0040550000000000004
2018-01-18,-0.021173
2018-01-19,-0.015807
2018-01-22,-0.014369999999999999
2018-01-23,-0.024443000000000003
2018-01-24,-0.016703
2018-01-25,-0.009388
2018-01-26,0.095217
2018-01-29,0.037495
2018-01-30,0.017474
2018-01-31,0.007416000000000001
2018-02-01,0.05152999999999999
2018-02-02,-0.044952
2018-02-05,-0.030478
2018-02-06,0.004377
2018-02-07,0.066165
2018-02-08,0.121516
2018-02-09,0.044069000000000004
2018-02-12,-0.017772
2018-02-13,0.080452
2018-02-14,0.00927
2018-02-15,-0.004148
2018-02-16,-0.016364
2018-02-20,-0.0066549999999999995
2018-02-21,0.016443
2018-02-22,-0.038047
2018-02-23,0.017129000000000002
2018-02-26,-0.015309
2018-02-27,-0.026119
2018-02-28,0.017241
2018-03-01,0.011927
2018-03-02,0.023573
2018-03-05,0.047879
2018-03-06,-0.004338
2018-03-07,0.038629
2018-03-08,-0.025447
2018-03-09,0.014347
2018-03-12,0.004243
2018-03-13,-0.039155
2018-03-14,0.072999
2018-03-15,-0.021858
2018-03-16,-0.006145
2018-03-19,-0.016863
2018-03-20,-0.10377399999999999
2018-03-21,0.044019
2018-03-22,-0.046745999999999996
2018-03-23,-0.005449000000000001
2018-03-26,0.028360000000000003
2018-03-27,-0.120338
2018-03-28,0.013538
2018-03-29,0.019684
2018-04-02,-0.033437
2018-04-03,-0.017832
2018-04-04,0.025781000000000002
2018-04-05,0.013805000000000001
2018-04-06,-0.018855
2018-04-09,-0.0032029999999999997
2018-04-10,0.054265999999999995
2018-04-11,-0.004741
2018-04-12,-0.013269999999999999
2018-04-13,-0.008276
2018-04-16,-0.006259
2018-04-17,0.11406599999999999
2018-04-18,-0.009422
2018-04-19,0.0
2018-04-20,0.011731
2018-04-23,-0.021623
2018-04-24,-0.024023
2018-04-25,-0.023629999999999998
2018-04-26,0.017479
2018-04-27,-0.041956
2018-04-30,0.045172
2018-05-01,-0.00033
2018-05-02,0.008251
2018-05-03,0.003928
2018-05-04,0.012063999999999998
2018-05-07,0.009343
2018-05-08,0.016597999999999998
2018-05-09,0.019152
2018-05-10,0.012630999999999998
2018-05-11,-0.0036509999999999997
2018-05-14,0.019542
2018-05-15,-0.019167
2018-05-16,0.000611
2018-05-17,-0.005798
2018-05-18,0.001535
2018-05-21,0.030647
2018-05-22,-0.022896
2018-05-23,0.017041999999999998
2018-05-24,0.0029920000000000003
2018-05-25,0.0032819999999999998
2018-05-29,0.012191
2018-05-30,0.009401
2018-05-31,0.009895000000000001
2018-06-01,0.056196
2018-06-04,0.033561
2018-06-05,0.050686
2018-06-06,0.007538
2018-06-07,-0.009975000000000001
2018-06-08,0.038035
2018-06-11,0.005096000000000001
2018-06-12,0.049976
2018-06-13,0.013335999999999999
2018-06-14,0.061039
2018-06-15,-0.02053
2018-06-18,0.004366999999999999
2018-06-19,-0.022826
2018-06-20,0.026251000000000003
2018-06-21,-0.019293
2018-06-22,0.014147
2018-06-25,-0.037271
2018-06-26,0.015168999999999998
2018-06-27,-0.025424000000000002
2018-06-28,0.024943
2018-06-29,-0.025006
2018-07-02,0.029998
2018-07-03,-0.024232999999999998
2018-07-05,0.026658
2018-07-06,0.035286
2018-07-09,-0.053805
2018-07-10,-0.008836
2018-07-11,0.0027429999999999998
2018-07-12,0.031685
2018-07-13,-0.017013
2018-07-16,-0.00517
2018-07-17,0.010166999999999999
2018-07-18,-0.030642
2018-07-19,0.002307
2018-07-20,-0.00046
2018-07-23,-0.002533
2018-07-24,-0.026322
2018-07-25,0.048612999999999996
2018-07-26,-0.028946
2018-07-27,-0.20540299999999997
2018-07-30,-0.080305
2018-07-31,0.015615
2018-08-01,0.001255
2018-08-02,0.028517999999999998
2018-08-03,-0.026204
2018-08-06,0.031915
2018-08-07,-0.009399999999999999
2018-08-08,-0.025405999999999998
2018-08-09,0.003769
2018-08-10,0.001564
2018-08-13,0.02468
2018-08-14,0.011890000000000001
2018-08-15,-0.024405
2018-08-16,0.013897
2018-08-17,-0.0030459999999999997
2018-08-20,-0.003972
2018-08-21,0.033436
2018-08-22,0.003562
2018-08-23,0.00207
2018-08-24,0.011806
2018-08-27,0.046966
2018-08-28,-0.011145
2018-08-29,-0.003945000000000001
2018-08-30,0.008204
2018-08-31,-0.012907
2018-09-04,-0.009665
2018-09-05,-0.060563000000000006
2018-09-06,-0.058662
2018-09-07,-0.010386
2018-09-10,0.0016399999999999997
2018-09-11,0.01146
2018-09-12,-0.036905
2018-09-13,0.021513
2018-09-14,-0.008884999999999999
2018-09-17,-0.041833
2018-09-18,0.012474
2018-09-19,0.010267
2018-09-20,0.011179
2018-09-21,-0.045225999999999995
2018-09-24,0.003509
2018-09-25,0.017832
2018-09-26,-0.003435
2018-09-27,0.014133
2018-09-28,-0.032631
2018-10-01,-0.0052710000000000005
2018-10-02,-0.004239
2018-10-03,0.029088
2018-10-04,-0.026886999999999998
2018-10-05,0.005667999999999999
2018-10-08,0.002113
2018-10-09,0.028822
2018-10-10,-0.084728
2018-10-11,0.007839
2018-10-12,0.036667
2018-10-15,0.022151
2018-10-16,0.044041
2018-10-17,-0.010712999999999999
2018-10-18,-0.008799
2018-10-19,-0.015705
2018-10-22,0.01214
2018-10-23,-0.014051000000000001
2018-10-24,-0.042753
2018-10-25,0.15468400000000002
2018-10-26,0.01761
2018-10-29,0.0009270000000000001
2018-10-30,0.045384
2018-10-31,0.026285
2018-11-01,-0.003741
2018-11-02,-0.009243
2018-11-05,-0.008163
2018-11-06,0.011758
2018-11-07,0.01656
2018-11-08,-0.023149000000000003
2018-11-09,-0.002926
2018-11-12,-0.060739
2018-11-13,0.014995000000000001
2018-11-14,0.012927
2018-11-15,0.007292999999999999
2018-11-16,0.015686
2018-11-19,-0.050193
2018-11-20,-0.028768
2018-11-21,0.017707999999999998
2018-11-23,-0.015501000000000001
2018-11-26,0.054627
2018-11-27,-0.006399
2018-11-28,0.00368
2018-11-29,-0.04369100000000001
2018-11-30,0.004792
2018-12-03,0.07027
2018-12-04,-0.03268
2018-12-06,0.012284999999999999
2018-12-07,-0.003944
2018-12-10,0.018276
2018-12-11,0.030512
2018-12-12,0.05225
2018-12-13,-0.009931
2018-12-14,-0.000557
2018-12-17,-0.068023
2018-12-18,0.009273
2018-12-19,-0.024007
2018-12-20,-0.11053800000000001
2018-12-21,-0.0676
2018-12-24,-0.03149
2018-12-26,0.08355399999999999
2018-12-27,0.000698
2018-12-28,-0.008717
2018-12-31,0.010904
2019-01-02,0.0024360000000000002
2019-01-03,-0.028462
2019-01-04,0.070025
2019-01-07,0.046411
2019-01-08,0.014678
2019-01-09,0.014151
2019-01-10,0.026046999999999997
2019-01-11,-0.006649
2019-01-14,-0.015210999999999999
2019-01-15,0.02008
2019-01-16,-0.016656999999999998
2019-01-17,0.011702999999999998
2019-01-18,0.012785
2019-01-22,-0.030657999999999998
2019-01-23,-0.039689999999999996
2019-01-24,0.020665
2019-01-25,0.040810000000000006
2019-01-28,0.006991000000000001
2019-01-29,-0.044974
2019-01-30,0.019595
2019-01-31,0.040298
2019-02-01,-0.011025
2019-02-04,0.022597
2019-02-05,0.012669
2019-02-06,-0.00611
2019-02-07,-0.098361
2019-02-08,-0.025649
2019-02-11,0.007331
2019-02-12,0.005293
2019-02-13,0.024021
2019-02-14,-0.005141
2019-02-15,0.008721
2019-02-19,0.013449
2019-02-20,-0.008847
2019-02-21,-0.019445
2019-02-22,0.030884
2019-02-25,0.00883
2019-02-26,-0.030635
2019-02-27,-0.019349
2019-02-28,0.012166999999999999
2019-03-01,-0.005198
2019-03-04,-0.003919000000000001
2019-03-05,0.017377
2019-03-06,-0.007411999999999999
2019-03-07,-0.022078
2019-03-08,-0.002656
2019-03-11,0.02763
2019-03-12,0.009394
2019-03-13,0.004493
2019-03-14,-0.008626
2019-03-15,0.006123
2019-03-18,-0.004484
2019-03-19,0.0061129999999999995
2019-03-20,0.041573
2019-03-21,0.0012280000000000001
2019-03-22,0.012573
2019-03-25,-0.013022
2019-03-26,0.014421999999999999
2019-03-27,-0.023593000000000003
2019-03-28,0.018278000000000003
2019-03-29,0.000304
2019-04-01,0.017032000000000002
2019-04-02,0.00927
2019-04-03,0.018667
2019-04-04,0.001163
2019-04-05,0.008716
2019-04-08,0.004032
2019-04-09,0.008032000000000001
2019-04-10,-0.011097999999999998
2019-04-11,-0.0048920000000000005
2019-04-12,-0.006072999999999999
2019-04-15,0.009892
2019-04-16,-0.007203
2019-04-17,0.00058
2019-04-18,-0.00232
2019-04-22,-0.000291
2019-04-23,0.156441
2019-04-24,-0.012069000000000002
2019-04-25,-0.020616
2019-04-26,0.0049380000000000005
2019-04-29,0.028704
2019-04-30,0.0032679999999999996
2019-05-01,-0.015535
2019-05-02,0.016798
2019-05-03,0.021277
2019-05-06,-0.013971
2019-05-07,-0.04002
2019-05-08,-0.001036
2019-05-09,0.005443
2019-05-10,-0.008765
2019-05-13,-0.048375
2019-05-14,0.009292
2019-05-15,0.026265999999999998
2019-05-16,0.010554
2019-05-17,-0.020888
2019-05-20,-0.009333000000000001
2019-05-21,0.008614
2019-05-22,0.029624
2019-05-23,-0.036029
2019-05-24,0.005916
2019-05-28,-0.003208
2019-05-29,-0.011798999999999999
2019-05-30,0.00787
2019-05-31,-0.018848
2019-06-03,-0.055159
2019-06-04,0.048504
2019-06-05,0.006371
2019-06-06,0.007157
2019-06-07,0.036622
2019-06-10,-0.007645999999999999
2019-06-11,-0.011424
2019-06-12,0.007525
2019-06-13,-0.030674999999999997
2019-06-14,-0.005228
2019-06-17,0.008022
2019-06-18,0.005763000000000001
2019-06-19,-0.009823
2019-06-20,-0.023422000000000002
2019-06-21,-0.011851
2019-06-24,0.015991
2019-06-25,-0.024171
2019-06-26,0.014400999999999999
2019-06-27,-0.013345000000000001
2019-06-28,0.004317
2019-07-01,0.033811
2019-07-02,0.0038799999999999998
2019-07-03,-0.005522
2019-07-05,0.006384999999999999
2019-07-08,0.005516999999999999
2019-07-09,0.032922
2019-07-10,-0.0047810000000000005
2019-07-11,-0.006939
2019-07-12,0.016931
2019-07-15,0.022199
2019-07-16,-0.017839
2019-07-17,-0.007633999999999999
2019-07-18,-0.001061
2019-07-19,-0.023633
2019-07-22,0.022029
2019-07-23,0.008515
2019-07-24,0.0219
2019-07-25,-0.01575
2019-07-26,0.089192
2019-07-29,-0.000482
2019-07-30,-0.012048000000000001
2019-07-31,0.031951
2019-08-01,-0.005436
2019-08-02,0.018298000000000002
2019-08-05,-0.057876000000000004
2019-08-06,0.023532
2019-08-07,0.009923
2019-08-08,0.008147999999999999
2019-08-09,-0.012836
2019-08-12,-0.025283000000000003
2019-08-13,0.032856
2019-08-14,-0.027745000000000002
2019-08-15,-0.013776
2019-08-16,0.012222
2019-08-19,0.0276
2019-08-20,0.014149
2019-08-21,0.01206
2019-08-22,-0.014486
2019-08-23,-0.027975
2019-08-26,0.010731999999999998
2019-08-27,0.016892
2019-08-28,-0.010915999999999999
2019-08-29,0.019434
2019-08-30,0.003766
2019-09-03,-0.016177999999999998
2019-09-04,0.033365
2019-09-05,0.044742
2019-09-06,0.0026490000000000003
2019-09-09,-0.025539
2019-09-10,-0.02282
2019-09-11,0.0
2019-09-12,-0.001156
2019-09-13,-0.013193999999999999
2019-09-16,0.003049
2019-09-17,0.011225
2019-09-18,0.0
2019-09-19,-0.007169
2019-09-20,0.006987999999999999
2019-09-23,0.0034700000000000004
2019-09-24,-0.045182
2019-09-25,0.026074
2019-09-26,-0.0014119999999999998
2019-09-27,-0.025682999999999997
2019-09-30,-0.003628
2019-10-01,-0.023058000000000002
2019-10-02,-0.013665
2019-10-03,0.007557
2019-10-04,0.009000000000000001
2019-10-07,0.010902
2019-10-08,-0.026961
2019-10-09,-0.005038
2019-10-10,0.001013
2019-10-11,0.020738
2019-10-14,-0.014371
2019-10-15,0.012568999999999999
2019-10-16,-0.009186
2019-10-17,-0.007517
2019-10-18,-0.015653
2019-10-21,0.028212
2019-10-22,-0.031928
2019-10-23,0.0005149999999999999
2019-10-24,-0.20808700000000002
2019-10-25,-0.014634000000000001
2019-10-28,-0.007921000000000001
2019-10-29,-0.006986
2019-10-30,0.000335
2019-10-31,0.003684
2019-11-01,-0.011678
2019-11-04,0.014517
2019-11-05,-0.007987
2019-11-06,-0.009056999999999999
2019-11-07,-0.016588000000000002
2019-11-08,0.005508
2019-11-11,0.004451
2019-11-12,-0.009883999999999999
2019-11-13,0.001033
2019-11-14,-0.006534
2019-11-15,0.012461
2019-11-18,0.008205
2019-11-19,-0.0016950000000000001
2019-11-20,-0.009171
2019-11-21,0.021255000000000003
2019-11-22,0.008056
2019-11-25,0.016982999999999998
2019-11-26,0.013752
2019-11-27,0.006783
2019-11-29,-0.008341
2019-12-02,-0.015851999999999998
2019-12-03,-0.014793
2019-12-04,0.001001
2019-12-05,0.001333
2019-12-06,0.004993
2019-12-09,0.0006619999999999999
2019-12-10,-0.012248000000000002
2019-12-11,0.023794
2019-12-12,-0.008183000000000001
2019-12-13,0.00297
2019-12-16,0.019085
2019-12-17,-0.008718
2019-12-18,0.031922
2019-12-19,0.011048
2019-12-20,0.0031219999999999998
2019-12-23,0.009337
2019-12-24,0.0021579999999999998
2019-12-26,0.004
2019-12-27,-0.002452
2019-12-30,-0.015975
2019-12-31,0.000624
2020-01-02,0.0078000000000000005
2020-01-03,-0.024148999999999997
2020-01-06,0.0038069999999999996
2020-01-07,0.028445
2020-01-08,0.015673
2020-01-09,0.005143999999999999
2020-01-10,-0.013245
2020-01-13,-0.002746
2020-01-14,0.003977
2020-01-15,0.012492000000000001
2020-01-16,0.02889
2020-01-17,0.000877
2020-01-21,-0.0037990000000000003
2020-01-22,-0.002053
2020-01-23,-0.0038209999999999997
2020-01-24,-0.020655
2020-01-27,-0.012353000000000001
2020-01-28,0.019524
2020-01-29,0.006284
2020-01-30,-0.012191
2020-01-31,-0.022275999999999997
2020-02-03,0.018165
2020-02-04,0.026913
2020-02-05,-0.016784
2020-02-06,0.150344
2020-02-07,-0.035928
2020-02-10,-0.028895
2020-02-11,-0.008621
2020-02-12,0.031978
2020-02-13,0.010057
2020-02-14,-0.006728
2020-02-18,0.031157
2020-02-19,0.018654999999999998
2020-02-20,0.007221999999999999
2020-02-21,-0.01895
2020-02-24,-0.063169
2020-02-25,-0.018947000000000002
2020-02-26,-0.016473
2020-02-27,-0.04678
2020-02-28,0.005756
2020-03-02,0.078916
2020-03-03,-0.024846
2020-03-04,0.030633
2020-03-05,-0.028611
2020-03-06,-0.04318
2020-03-09,-0.029886
2020-03-10,0.056993
2020-03-11,-0.08773
2020-03-12,-0.14440899999999998
2020-03-13,0.093727
2020-03-16,-0.17924199999999998
2020-03-17,0.018303
2020-03-18,-0.101307
2020-03-19,0.09681800000000002
2020-03-20,-0.00746
2020-03-23,0.030898
2020-03-24,0.046983
2020-03-25,0.004642
2020-03-26,0.016943
2020-03-27,-0.042408
2020-03-30,0.011862
2020-03-31,-0.04025
2020-04-01,-0.050489
2020-04-02,-0.012864
2020-04-03,0.003041
2020-04-06,0.079688
2020-04-07,0.027275999999999998
2020-04-08,0.087856
2020-04-09,-0.0032299999999999994
2020-04-13,-0.020166
2020-04-14,0.026827999999999998
2020-04-15,-0.015390000000000001
2020-04-16,-0.034895999999999996
2020-04-17,0.00565
2020-04-20,0.01161
2020-04-21,-0.046649
2020-04-22,0.104466
2020-04-23,-0.020394000000000002
2020-04-24,0.031587000000000004
2020-04-27,0.043841
2020-04-28,-0.040332999999999994
2020-04-29,0.079889
2020-04-30,-0.077517
2020-05-01,-0.029289
2020-05-04,0.014009
2020-05-05,-0.005667999999999999
2020-05-06,-0.013894
2020-05-07,0.039379
2020-05-08,0.04032
2020-05-11,-0.008019
2020-05-12,-0.018188
2020-05-13,-0.034991
2020-05-14,0.015286
2020-05-15,0.015406
2020-05-18,0.022069000000000002
2020-05-19,0.008097
2020-05-20,0.078648
2020-05-21,0.003413
2020-05-22,0.008658
2020-05-26,0.042612
2020-05-27,-0.027639
2020-05-28,-0.044451
2020-05-29,-0.019937
2020-06-01,0.029706
2020-06-02,0.011602
2020-06-03,0.081215
2020-06-04,-0.033257
2020-06-05,0.034104
2020-06-08,0.050760000000000007
2020-06-09,-0.019651000000000002
2020-06-10,-0.021714999999999998
2020-06-11,-0.060046
2020-06-12,0.011202
2020-06-15,0.021257
2020-06-16,0.015245
2020-06-17,-0.008374
2020-06-18,-0.009027
2020-06-19,-0.018219
2020-06-22,0.001796
2020-06-23,-0.016731
2020-06-24,-0.035855
2020-06-25,-0.011346
2020-06-26,-0.073956
